province;red;green;blue;x;x
1;165;63;0;Éssìkíe;x
2;127;76;76;Jirn;x
3;140;84;84;Yìrs Rokàh;x
4;153;91;91;Serrénes;x
5;165;99;99;Áevìndaron;x
6;127;90;16;Citòmùshòm;x
7;140;99;18;Virrenté;x
8;140;56;0;Vorrìeyn;x
9;114;45;0;Carrolìor;x
10;127;51;0;Anstrà;x
11;116;153;16;Isemémàer;x
12;106;140;14;Vèlzhàr;x
13;96;127;12;Sijílhéy;x
14;126;165;18;Èrsetu;x
15;136;178;19;Màrkoìla;x
16;148;191;21;Wymàlhéy;x
17;229;120;57;Ansolhéy;x
18;216;116;54;Tálin;x
19;191;102;47;Ìzarlìoréx;x
20;175;94;43;Kìnnáezhàr;x
21;229;193;34;Sàlamdad;x
22;242;204;36;Konùshòm;x
23;216;182;32;Nìslewód;x
24;204;172;30;Fáiravòn;x
25;191;161;28;Kàlonia;x
26;127;105;6;Alderén;x
27;89;72;4;Noín Lithrànòr;x
28;102;82;5;Rynór;x
29;114;94;5;Ngozi-Iteru;x
30;76;61;3;Ìzhár'Arràk;x
31;255;25;25;Prísma;x
32;229;22;22;Mount Àpasìril;x
33;242;24;24;Éatherkì;x
34;216;21;21;Shìkoìlad;x
35;102;10;10;Asávélhéy;x
36;114;11;11;Ìzhár'Arràk;x
37;89;8;8;Íl-Kabuli;x
38;127;12;12;Ondvyéra;x
39;105;38;255;Sararis;x
40;98;36;242;Beráe;x
41;92;34;229;Usu'tami;x
42;87;32;216;Sirobháy;x
43;140;108;216;Nikolyy;x
44;147;114;229;Lynna;x
45;155;121;242;Roaw'nòs;x
46;132;102;204;Hiroka'lani;x
47;29;53;193;Akàr'lyy;x
48;32;58;204;Akaroaw;x
49;34;61;216;Fordental;x
50;36;65;229;Aulirád;x
51;38;69;242;Ashtàli;x
52;255;38;226;Shiníe;x
53;242;36;214;Swal'àwz;x
54;229;34;203;Cyél;x
55;216;32;192;Lyàul;x
56;204;30;180;Illirae;x
57;191;28;169;Asylais;x
58;133;242;242;Erekemos;x
59;107;191;191;Snakes' Bend;x
60;126;229;229;Amos;x
61;119;216;216;Carmelior-Gulard;x
62;114;204;204;The Barrel;x
63;71;150;204;Ashei;x
64;66;139;191;Falir-Aufei;x
65;62;130;178;Sukrath;x
66;58;120;165;Cruelridge;x
67;15;153;153;Utal-Lugalad;x
68;13;137;137;Yadishel;x
69;16;165;165;Tarad-Elarae;x
70;17;178;178;Urnu-Arrak;x
71;19;191;191;Nur-Ulorah;x
72;104;51;127;Lower Deadwood;x
73;114;57;140;Upper Deadwood;x
74;124;62;153;The Last Bastion;x
75;134;67;165;The Biles;x
76;145;73;178;Buboel;x
77;127;17;178;Crosian Spires;x
78;136;19;191;Scab;x
79;145;20;204;Stitch;x
80;154;21;216;Wyldvarn;x
81;76;23;50;Jawbone;x
82;63;19;41;Yistun;x
83;89;27;59;Hornholm;x
84;114;35;76;Skullport;x
85;102;31;67;Grandett;x
86;127;39;86;Vasilbrazzt;x
87;165;58;59;Fellwind;x
88;153;53;54;Illsmirth;x
89;127;44;44;Banewood;x
90;140;49;49;Jomsbrag;x
91;114;40;40;Holmfirth;x
92;102;35;35;Makotur;x
93;89;31;31;Satukor;x
94;51;0;204;Brathanir;x
95;54;0;216;Groganir;x
96;57;0;229;Kromir;x
97;60;0;242;Alkomir;x
98;63;0;255;Urifaie;x
99;47;0;191;Dalkabalu;x
100;46;44;178;Lumne;x
101;43;41;165;Seythe;x
102;40;38;153;Eldal-Adadi;x
103;36;35;140;Bula'shet;x
104;33;31;127;Hennil;x
105;19;73;127;Sebeba;x
106;22;87;153;Broduli;x
107;24;95;165;Kai'ane;x
108;26;102;178;Dalatra's Tears;x
109;28;109;191;Urdavion;x
110;44;178;120;Zanada Jenalanesu;x
111;47;191;129;Dal-Wasusud;x
112;51;204;137;Ri-Jenalanesu Lene;x
113;41;165;111;Sanu-y'Jata;x
114;35;140;94;Nuri Jenalanesu;x
115;38;153;103;Jenuri;x
116;178;89;166;Ri-Esujhijewe;x
117;140;70;130;Ederai-Elnam;x
118;127;63;118;Avendar;x
119;153;76;142;Edrandar;x
120;165;82;154;Jebzije;x
121;160;178;160;Sura-Zamar;x
122;137;153;137;Pyriad;x
123;149;165;149;Bloodcoast;x
124;126;140;126;Akskai;x
125;204;171;132;Koidon;x
126;191;161;124;Eivespat;x
127;178;150;116;Drygrave;x
128;142;204;142;Foolgrave;x
129;151;216;151;Kainserez;x
130;160;229;160;Dustpass;x
131;116;165;116;Goatskull;x
132;124;178;124;Karkiru;x
133;133;191;133;Deyn;x
134;123;127;0;Eztanfi;x
135;162;165;0;Nikhazi;x
136;175;178;0;Zet-Serez;x
137;150;153;0;Kerasoat;x
138;135;137;0;Kerasved;x
139;202;204;102;Serepla;x
140;252;255;127;Yelado;x
141;230;232;116;Eliveshek;x
142;214;216;108;Uluki-Eshuvi;x
143;63;76;30;Kelern;x
144;74;89;35;Yissuviad;x
145;52;63;25;Dajina;x
146;42;51;20;Minson;x
147;127;64;25;Carp's Belt;x
148;114;58;22;Grizzlybear Bar;x
149;102;51;20;Aldira;x
150;89;45;17;Bruin;x
151;84;102;40;Nakothas;x
152;127;127;25;Ervantola;x
153;140;140;28;Alasuru;x
154;114;114;22;Verinar;x
155;102;102;20;Ayegefa;x
156;76;76;15;Ayesinco;x
157;89;89;17;Arrima;x
158;191;72;28;Dalkira;x
159;204;76;30;Asomo;x
160;178;67;26;Hakonales;x
161;167;64;24;Theiotokos;x
162;229;86;34;Dyspol;x
163;216;81;32;Anapar;x
164;140;42;84;Sancta;x
165;127;38;76;Durn-Akai;x
166;114;34;69;Sic-Akai;x
167;102;30;61;Klamos;x
168;89;26;53;Ammothalios;x
169;242;36;125;Evantlas;x
170;204;30;105;Oruda;x
171;226;34;117;Kiasta;x
172;216;32;112;Pelhars;x
173;191;28;99;Durrukos;x
174;204;67;74;Mingros;x
175;191;63;69;Ensulak;x
176;178;58;64;Selak;x
177;165;54;60;Nous-Il;x
178;216;134;211;Shilege;x
179;229;144;225;Vermillion Isle;x
180;242;152;237;Buzzelux;x
181;178;109;173;Maereta;x
182;191;118;186;Yistarol;x
183;204;126;198;Kraetal;x
184;204;10;147;Eltur-Shummar;x
185;191;9;139;Esgard;x
186;178;8;130;Awkos;x
187;165;8;121;Duskanos;x
188;204;204;102;Lourda;x
189;191;191;95;Aldnoa;x
190;178;178;89;Adu-Sadad;x
191;165;165;82;Talkis;x
192;165;125;82;Etgarim;x
193;178;135;89;Saval-Kharim;x
194;191;145;95;Hermitsedge;x
195;216;164;108;Zir-Qalman;x
196;204;156;102;Zir-Akir;x
197;153;153;76;Govos;x
198;127;127;63;Vestikos;x
199;140;140;70;Lithros;x
200;113;140;85;Melakgros;x
201;124;153;93;Gebel;x
202;143;178;107;Skithon;x
203;134;165;101;Rydquarry;x
204;155;191;116;Narakan;x
205;165;204;124;Kesmekan;x
206;109;165;49;Madrias;x
207;118;178;53;Driaspit;x
208;101;153;45;Alatiravi;x
209;92;140;42;Frekeravi;x
210;51;65;102;Rodéa;x
211;44;57;89;Mezzenéa;x
212;25;32;51;Moncheir;x
213;21;54;140;Lardouse;x
214;22;59;153;Villemel;x
215;13;34;89;Roscella;x
216;15;39;102;Casarrois;x
217;19;49;127;Hernedasse;x
218;17;44;114;Sang-Fisure;x
219;24;64;165;Evansyllo;x
220;74;51;165;Costaigne;x
221;79;55;178;Basse-Praèçe;x
222;68;47;153;Praestènne;x
223;62;43;140;Haute-Praèçe;x
224;89;63;204;Innetois;x
225;85;59;191;Arcalois;x
226;53;59;178;Granfort;x
227;57;64;191;Lansquèlle;x
228;61;70;204;Hemmendas;x
229;42;46;140;Liccendas;x
230;45;51;153;Lantois;x
231;49;55;165;Asalace;x
232;38;42;127;Laïçest;x
233;67;123;165;Ramoucanne;x
234;73;132;178;Argvennes;x
235;78;142;191;Ythenne;x
236;62;113;153;Raevenne;x
237;52;94;127;Médicannes;x
238;57;104;140;Morvanne;x
239;178;30;30;Sirasthenak;x
240;165;28;28;Ilivian;x
241;153;26;26;Rowunrùa;x
242;204;34;34;Althivir;x
243;191;32;32;Verika;x
244;140;23;23;Azethvir;x
245;127;21;21;Omverlon;x
246;178;89;89;Asourtherak;x
247;165;82;82;Dalkar;x
248;153;76;76;Namarrak;x
249;191;95;95;Kasthilan;x
250;204;102;102;Rodheros;x
251;229;114;114;Parthak;x
252;216;108;108;Ritharrak;x
253;204;102;71;Kalasirol;x
254;191;95;66;Maqetverga;x
255;204;89;118;Gerianarsh;x
256;216;95;125;Kaladonn;x
257;191;84;110;Myrmark;x
258;178;78;103;Karnalóth;x
259;165;72;96;Myanthiron;x
260;153;67;88;Thelisverhal;x
261;151;151;178;Lunarwoods;x
262;162;162;191;Meydan;x
263;107;204;63;Greatdens;x
264;121;229;71;Noranama;x
265;114;216;67;Noúmarsa;x
266;101;191;59;Eânama;x
267;114;216;86;Soranama;x
268;121;229;91;Kuclela;x
269;128;242;96;Revaria;x
270;108;204;81;Talarsa;x
271;101;191;76;Sakothýr;x
272;94;178;71;Rethýzar;x
273;87;165;66;Mimir's Pride;x
274;66;165;137;Terathí;x
275;61;153;126;Narosivaii;x
276;71;178;148;Exakunir;x
277;76;191;158;Carasínva;x
278;81;204;169;Sivanarrai;x
279;86;216;179;Levýatanna;x
280;91;229;190;Kair'arkós;x
281;255;76;76;Verryon;x
282;242;72;72;Markyar;x
283;229;68;68;Inabnal;x
284;216;65;65;Teldikal;x
285;204;61;61;Athazolant;x
286;191;57;57;Inthar;x
287;178;53;53;Taztain;x
288;165;49;49;Hraam;x
289;163;57;150;Dazvel;x
290;178;62;164;Baronos;x
291;191;66;176;Eyeless Monastery;x
292;204;71;188;Tálor;x
293;216;75;200;Vortakor;x
294;229;80;212;Kordora;x
295;102;25;93;Wispil;x
296;114;28;104;Pezil;x
297;140;35;127;Azil;x
298;153;38;139;Serifil;x
299;47;110;153;Mêlereth;x
300;55;127;178;Kolossata;x
301;59;136;191;Saerelma;x
302;63;145;204;Thousand Isles;x
303;65;153;216;Tornársa;x
304;49;74;216;Aeuron;x
305;46;70;204;Aeryrith;x
306;38;57;165;Crýparsa;x
307;41;61;178;Kair'ater;x
308;43;66;191;Damathera;x
309;11;30;127;Azalóth;x
310;12;33;140;Karnamaer;x
311;13;36;153;Voiceless Peaks;x
312;58;75;165;Antasmór;x
313;62;81;178;Saýarsa;x
314;53;70;153;Arstedanna;x
315;49;64;140;Talantýnna;x
316;59;158;125;Kaithrat;x
317;44;57;127;Veralýa;x
318;8;20;89;Vernaý;x
319;9;23;102;Altýs;x
320;6;17;76;Kaýr'vern;x
321;10;27;114;Cara-Lapidosa;x
322;165;83;58;Larokin;x
323;178;89;62;Noukisher;x
324;38;105;153;Anceverta;x
325;41;113;165;Asturcia;x
326;44;122;178;Valteysia;x
327;47;131;191;Griffinview;x
328;51;140;204;Griffinkeep;x
329;57;157;229;Verroryia;x
330;54;149;216;Farranto;x
331;242;96;96;Tarizza;x
332;178;71;71;Ravenito;x
333;255;102;102;Porte Ravenus;x
334;229;91;91;Rumus;x
335;216;86;86;Gretra;x
336;204;81;81;Saios;x
337;191;76;76;Zaun;x
338;179;216;86;Aston;x
339;169;204;81;Patrija-Anatur;x
340;158;191;76;Patrija-Vastur;x
341;137;165;66;Illyrix;x
342;126;153;61;Inades;x
343;116;140;56;Birge;x
344;148;178;71;Kvitbyr;x
345;204;81;51;Plantisola;x
346;255;106;62;Dragolitore;x
347;242;99;60;Dragospiro;x
348;229;94;57;The Forge;x
349;216;89;54;Stensta;x
350;178;71;44;Demosavillo;x
351;193;77;48;Lepurra;x
352;204;175;51;Blackstone Keep;x
353;216;186;54;Vasiru;x
354;255;223;63;Nalcopt;x
355;191;164;47;Voulonios;x
356;178;153;44;Kynoso;x
357;242;211;60;Dønsktopt;x
358;229;200;57;Selintragou;x
359;165;117;49;Anakynos;x
360;178;126;53;Pantra;x
361;204;144;61;Mitsurios;x
362;191;135;57;Synertudista;x
363;127;90;38;Carvay;x
364;153;108;45;Helparral;x
365;140;99;42;Jeolban;x
366;178;62;62;Waahi;x
367;153;53;53;Nisia Gatas;x
368;165;58;58;Venlora;x
369;191;66;66;Kota Mewah;x
370;204;71;71;Chapeco;x
371;216;75;75;Metekelo;x
372;178;150;142;Espar;x
373;165;139;132;Tainva;x
374;204;172;163;Antuna;x
375;191;161;153;Tantrola;x
376;153;129;122;Atlahua;x
377;178;148;89;Liodbar;x
378;153;128;76;Veridon;x
379;191;159;95;Escrir;x
380;91;153;132;Sioc;x
381;84;140;122;Vartica;x
382;76;127;111;Cramdil;x
383;99;165;143;Telakela;x
384;42;140;109;Gijor;x
385;38;127;99;Paskor;x
386;34;114;89;Praesidium;x
387;30;102;80;Agriana;x
388;178;39;5;Ekesttori;x
389;165;37;4;Epansul;x
390;153;34;4;Esonrul;x
391;140;31;4;Drom Woods;x
392;127;28;3;Aennveres;x
393;87;127;48;Asenrel;x
394;79;114;43;Mivirn;x
395;70;102;38;Shaiaven;x
396;105;153;58;Rosikan;x
397;96;140;53;Thadeti;x
398;114;165;62;Atkesi Marsh;x
399;204;20;139;Lubonan;x
400;216;21;148;Uretisul;x
401;229;22;157;Iro Marefar;x
402;242;24;165;Selten;x
403;255;25;174;Kirder;x
404;191;19;131;Ondemare;x
405;127;112;108;Oogleron;x
406;140;123;119;Orraeoft Plateau;x
407;153;134;130;Arce Marefar;x
408;165;145;140;Orraen;x
409;178;157;151;Zatrul;x
410;229;164;151;Miaran;x
411;216;155;143;Trilon;x
412;204;146;134;Inelle;x
413;191;137;126;Torsi Woods;x
414;178;127;117;Farremar;x
415;7;63;58;Trayalin;x
416;9;76;69;Raykara;x
417;12;102;93;Golhain;x
418;10;89;81;Morthen;x
419;13;114;104;Dreshan;x
420;15;127;116;Erdesam;x
421;16;140;127;Sylporos;x
422;27;100;153;Solythus;x
423;25;92;140;Ekkest;x
424;23;84;130;Ekona;x
425;34;125;191;Rostrin;x
426;32;117;178;Baun;x
427;29;109;165;Serilrie;x
428;108;86;191;Miuran;x
429;116;91;204;Mésul;x
430;94;74;165;Usluken;x
431;101;80;178;Sulren;x
432;72;57;127;Miveren;x
433;87;68;153;Corthaidh;x
434;79;63;140;Daur Falon;x
435;32;140;77;Ikakonn;x
436;35;153;84;Rensaise;x
437;26;114;63;Wacesattie;x
438;23;102;56;Alessadrea;x
439;29;127;70;Vanelsul;x
440;81;140;106;Lostesrei;x
441;88;153;116;Sekatsul;x
442;73;127;97;Meruvia Sinnen;x
443;96;165;126;Auramet;x
444;103;178;136;Eldvarnor;x
445;110;191;145;Lokaith;x
446;99;216;67;Sareen;x
447;82;178;55;Mount Yadram;x
448;76;165;51;Kitre Falon;x
449;70;153;47;Kazer Undurltiven;x
450;64;140;43;Kallitz;x
451;57;127;39;Unemsil;x
452;87;191;59;Khuli Tsegee;x
453;93;204;63;Kakhe Tumree;x
454;178;131;12;Onoseld;x
455;191;140;13;Ekenu;x
456;132;98;8;Lotefih;x
457;140;103;9;Kalei;x
458;153;112;10;Matrost;x
459;165;122;11;Ukorval Islands;x
460;27;153;54;Amis Iselaneo;x
461;32;178;63;Zatride;x
462;34;191;68;Astreve;x
463;29;165;59;Warival;x
464;25;140;50;Metval;x
465;22;127;45;Selamei;x
466;20;114;41;Prilsa;x
467;80;7;153;Maraenn;x
468;93;8;178;Mudlisen;x
469;107;10;204;Tseverlij Shmigu;x
470;113;10;216;Talbinu;x
471;87;8;165;Undrlu Saral;x
472;100;9;191;Tublaavim;x
473;153;120;55;Nuntagala;x
474;165;130;59;Urdurchin;x
475;178;140;64;Kutbash;x
476;191;150;68;Kralli;x
477;229;180;82;Dorreste;x
478;204;160;73;Odzun;x
479;216;170;78;Amelykalb;x
480;153;116;30;Manþor;x
481;140;106;28;Neidkoþ;x
482;127;96;25;Alkansadare;x
483;114;87;22;Kaz-Toþol;x
484;82;0;127;Arul-Hir;x
485;127;0;191;Beþenk-dum;x
486;93;0;140;Tarnok;x
487;102;0;153;Noìchái;x
488;110;0;165;Khuzelbrost;x
489;145;61;153;Fraldinbad;x
490;155;66;165;Dhaz-Þumdr;x
491;133;56;140;Darnok-Korn;x
492;167;71;178;Ashmore;x
493;178;35;45;Birþel-vhal;x
494;165;33;41;Óindimr;x
495;153;30;38;Yanardulim;x
496;140;28;35;Nis-Arkhall;x
497;127;25;32;Yavozukr;x
498;165;59;119;Tyr-Wahat;x
499;178;64;128;Isakumu;x
500;153;55;110;Rsindu;x
501;140;50;101;Kynaksarl;x
502;125;44;89;Talbkuzu;x
503;33;153;153;Modguzul;x
504;36;165;165;Kah;x
505;39;178;178;Arulai;x
506;42;191;191;Khunsar;x
507;44;204;204;Tolguclu;x
508;67;127;102;Miedwesto;x
509;60;114;92;Mount Onnran;x
510;74;140;112;Onnran Plateau;x
511;81;153;123;Ektor Sylrenn;x
512;178;39;69;Ehrivesr;x
513;191;42;74;Omoielos;x
514;204;44;79;Okem Plateau;x
515;216;47;84;Upok Attor;x
516;229;50;89;Aurlu;x
517;242;53;94;Zemii;x
518;114;90;55;Orrandei;x
519;127;100;61;Ezylren;x
520;140;110;68;Rage;x
521;153;120;74;Mijotahl;x
522;165;130;81;Silvaren;x
523;178;140;87;Karwachtia;x
524;178;73;21;Vorpsyl;x
525;191;76;22;Kijar Pass;x
526;165;68;19;Avlum;x
527;153;63;18;Sorunval;x
528;114;45;13;Niritalfel;x
529;140;57;16;Kalefal;x
530;127;52;15;Luvaeanna;x
531;59;123;165;Ardekech;x
532;73;151;204;Otorme;x
533;68;142;191;Warifreit;x
534;64;132;178;Lynn;x
535;55;113;153;Aklerei;x
536;82;178;26;Dorosazenta;x
537;76;167;24;Serruda;x
538;88;191;28;Virna;x
539;203;216;99;Sylas;x
540;191;204;93;Stiresei;x
541;179;191;87;Visarei;x
542;168;180;82;Miedarq;x
543;106;166;175;Arventor;x
544;116;182;191;Lauralor;x
545;139;219;229;Iskai;x
546;147;231;242;Virnele;x
547;124;194;204;Kaidera;x
548;132;206;216;Ekeren;x
549;22;153;144;Wisren;x
550;21;140;132;Marletto;x
551;19;127;120;Soltrebog;x
552;17;114;108;Wynbog;x
553;13;89;55;Jatswyn;x
554;15;102;62;Kierke;x
555;19;127;78;Chesval;x
556;17;114;70;Wyngale;x
557;204;135;38;Antrenn;x
558;178;118;33;Weirit;x
559;191;126;36;Arcrei;x
560;165;109;31;Kleizem;x
561;105;37;114;South Arelyre;x
562;152;54;165;North Arelyre;x
563;117;42;127;Domasarl;x
564;141;50;153;Kalsyl;x
565;129;46;140;Rhokan;x
566;41;123;178;Insuried;x
567;38;114;165;Onaqyl;x
568;43;132;191;Naijuin;x
569;46;141;204;Falsenn;x
570;55;167;242;Zatrkrai;x
571;58;176;255;Normareik;x
572;52;158;229;Maestrenn;x
573;49;149;216;Lieriede;x
574;117;178;57;Locet;x
575;109;165;53;Zemkarst;x
576;84;127;40;Passaviam;x
577;74;114;36;Gimmaen;x
578;92;140;44;Sriveris;x
579;100;153;48;Tesaq;x
580;99;137;178;Ferlesei;x
581;107;147;191;Qrylren;x
582;92;128;165;Qradlei;x
583;85;118;153;Osarma;x
584;161;165;41;Natsor;x
585;149;153;38;Vastlai;x
586;174;178;44;Neurûn;x
587;198;204;51;Soralai Woods;x
588;186;191;47;Flamiqaz;x
589;211;216;54;Vorpesaen;x
590;128;86;145;Sorunoft;x
591;134;91;153;Iraesto;x
592;145;99;165;High Soralai;x
593;157;107;178;Akinne;x
594;168;114;191;Drakhasrei;x
595;165;91;71;Torsafer;x
596;153;84;65;Aulai Plains;x
597;140;78;60;Siaflum;x
598;127;71;54;Anrage;x
599;38;33;33;Aldiste;x
600;25;22;22;Auberei;x
601;51;44;44;Lileanen;x
602;63;56;56;Zanmirth;x
603;127;111;29;Tessel;x
604;140;122;32;Zanostre;x
605;153;133;35;Vitbon;x
606;165;144;38;Eraziirenn;x
607;178;155;41;Cacaen;x
608;21;165;93;Rieds;x
609;19;153;86;Etazenn;x
610;23;178;100;Qazisred;x
611;24;191;108;Sercantei;x
612;26;204;115;Morveival;x
613;28;216;122;Ondastahl;x
614;88;203;216;Arce Gentumar;x
615;83;191;204;East Soralai;x
616;78;179;191;West Soralai;x
617;73;167;178;Soleanna;x
618;67;153;164;Ascension;x
619;94;215;229;Darilais;x
620;191;66;47;Mt. Gentumar;x
621;204;71;51;Canci Zabtrij;x
622;178;62;44;Madupel;x
623;163;57;40;Attomed;x
624;150;52;37;Sorrun Mifirt;x
625;178;166;30;Kalvirra;x
626;165;154;28;Sirrlai;x
627;153;142;26;Irabella Plains;x
628;140;130;23;Litoci;x
629;73;7;153;Nekerei;x
630;66;7;140;Veraseer;x
631;60;6;127;Delgrenzvar;x
632;54;5;114;Riemed;x
633;48;5;102;Astareviam;x
634;229;173;68;Flammastahl;x
635;216;163;65;Volressal;x
636;204;154;61;Falssalien;x
637;191;146;57;Junea;x
638;178;136;53;Sylaenn;x
639;165;127;49;Serrelai;x
640;165;96;134;Vor-en-Vorpes;x
641;178;103;144;Fufinirq;x
642;191;110;155;Eraittori;x
643;204;118;165;Annuvin;x
644;216;125;175;Fidarei;x
645;153;88;124;Numetrea;x
646;255;181;160;Da Kuang;x
647;242;172;152;Orranis;x
648;229;162;144;Flumeres;x
649;216;152;136;Ketalos;x
650;204;143;128;Kalren;x
651;119;166;216;Eluraesin;x
652;140;192;255;Northern Reach;x
653;133;184;242;Konth;x
654;126;176;229;Kval Oomt;x
655;114;159;204;Blömevet;x
656;107;149;191;Lusurn;x
657;99;139;178;Kranga;x
658;82;178;216;Jurdigs;x
659;72;157;191;Aile Gann;x
660;77;168;204;Tet Kraþanck;x
661;67;147;178;Camp of Travelers;x
662;62;136;165;Dahlea;x
663;58;126;153;Evre Ael;x
664;53;115;140;Esod;x
665;204;159;81;Asveria;x
666;229;179;91;Sirumor;x
667;255;201;102;Stormwood;x
668;242;188;96;Vespele;x
669;178;139;71;Sashont;x
670;153;119;61;Postwick;x
671;89;69;35;Ai'Kille;x
672;63;49;25;Kewi;x
673;51;39;20;Nuringwe;x
674;102;79;40;Hramaan;x
675;127;99;51;Umarin;x
676;114;57;53;Tatonn;x
677;127;64;59;Esut Leth;x
678;140;70;65;Gesck;x
679;153;77;71;New Liera;x
680;102;51;47;Trae Olluth;x
681;165;83;77;Amiha;x
682;178;90;83;Old Liera;x
683;119;140;126;Amdeo;x
684;130;153;138;Bacobac;x
685;140;165;149;Grammash'Hi;x
686;151;178;161;Tuka;x
687;162;191;172;Sentari;x
688;184;216;195;Sencrown;x
689;173;204;184;Dawnfield;x
690;195;229;207;Tojal;x
691;63;216;32;Emnojas;x
692;59;204;30;Dronnin;x
693;55;191;28;The Sunken Keg;x
694;45;165;24;Royfin;x
695;49;178;26;Yoilos;x
696;42;153;22;Veindol;x
697;204;112;133;Nilrip;x
698;178;98;116;Punge;x
699;165;91;108;Caheren;x
700;153;84;100;Raidcross;x
701;127;70;83;Octavo's Last Stand;x
702;140;77;91;Minad;x
703;76;234;255;Sertan;x
704;72;222;242;Seidwod;x
705;191;105;125;Higlib;x
706;57;175;191;Bordig;x
707;65;199;216;Sodial;x
708;68;210;229;Seidora;x
709;61;187;204;Ardag;x
710;50;148;229;Alunflats;x
711;47;140;216;Belainepoint;x
712;53;157;242;Nayaheights;x
713;44;135;204;Vicapeak;x
714;56;163;255;Vilthon Gorge;x
715;58;84;178;Serafini;x
716;53;77;163;Stacaballo;x
717;63;90;191;Raslige;x
718;50;72;153;Old Chimune;x
719;67;96;204;Aluwu;x
720;75;109;229;Brutrun;x
721;71;102;216;Lurne;x
722;51;70;20;Smugglers' Trail;x
723;51;50;20;Redsprawl;x
724;38;37;15;Woldim;x
725;51;60;20;Peona;x
726;51;75;20;Oluna;x
727;51;80;20;Woltanja;x
728;51;90;20;Balth;x
729;51;95;20;Morla;x
730;51;85;20;Arbalon;x
731;51;100;20;Hothestair;x
732;191;43;75;Luthbir;x
733;178;41;70;Garanbir;x
734;204;46;80;Ansprawl;x
735;242;55;96;Pethrin;x
736;255;58;101;Deviks;x
737;229;52;91;Holstocco;x
738;216;49;86;Old Sticks;x
739;100;57;229;Eastern Leyth;x
740;94;54;216;Pikcha;x
741;86;51;204;Malki;x
742;105;60;242;Henth;x
743;111;63;255;Datorului;x
744;78;47;191;Leyth;x
745;242;185;0;Isolas de Ezzeno;x
746;255;195;0;Fortisola;x
747;229;175;0;Fossasola;x
748;38;49;76;Dæstria;x
749;31;40;63;Lestria;x
750;127;31;116;Tutiora Loca;x
751;165;138;82;Killingmack;x
752;18;153;139;Marsea;x
753;168;156;195;Morrowkeep;x
754;170;165;194;Samourres;x
755;162;156;200;Meydanshores;x
756;18;34;123;Loukarsa;x
757;12;38;123;Kair'dalýa;x
758;16;32;120;Artanna;x
759;173;88;84;Darthenak;x
760;46;42;149;Monsans;x
761;110;214;58;Southmire;x
762;108;200;80;Silverwoods;x
763;94;160;61;Masaýrra;x
764;134;248;91;Ateversu;x
765;94;200;50;Salacar;x
766;163;115;246;Meri'sa;x
767;96;10;10;Arkhái;x
768;0;225;255;Carroweather Bay;x
769;0;213;242;Anesar Coast;x
770;0;168;191;Caedan Sea;x
771;0;157;178;Aulirad Coast;x
772;0;135;153;Eastern Sea of Pearls;x
773;0;90;102;Bay of Wyngale;x
774;0;78;89;Sea of Soleanna;x
775;0;101;114;Bay of Litoci;x
776;0;123;140;Illirae Approach;x
777;0;112;127;Gulf of Ornemere;x
778;0;146;165;The Pale Inlet;x
779;0;180;204;Western Sea of Pearls;x
780;0;191;216;The Deadwaters;x
781;0;202;229;Geshem Bay;x
782;142;255;255;Northern Grandati Sound;x
783;140;255;255;Southern Grandati Sound;x
784;127;255;255;Gulf of Ardagia;x
785;121;242;242;Eastern Astyllean Sea;x
786;108;216;216;Sea of Sails;x
787;114;229;229;Gulf of Serafini;x
788;102;204;204;The Quartz Coast;x
789;95;191;191;Coast of Azuria;x
790;57;114;114;Sea of Tulips;x
791;51;102;102;Central Astyllean Sea;x
792;89;178;178;The Gray Gates;x
793;89;194;178;The Gray Sea;x
794;89;186;178;The Gray Bay;x
795;63;127;127;Bay of Tálor;x
796;70;140;140;Bay of Roses;x
797;93;140;140;Eastern Sagecoast;x
798;82;165;165;Western Sagecoast;x
799;25;51;51;Coast of Reyllea;x
800;19;38;38;Abnal Gulf;x
801;12;25;25;Bay of Inasta;x
802;31;63;63;Western Astyllean Sea;x
803;76;153;153;Rhodian Sea;x
804;38;76;76;Tomb of Xnyell;x
805;44;89;89;Bay of Auszan;x
806;74;114;132;Bay of Adrïs;x
807;5;12;12;Straits of Hraam;x
808;10;24;25;Viratanic Channel;x
809;40;96;102;Coast of Thyr;x
810;45;109;114;Mimir's Bay;x
811;51;106;109;Western Sea of Ashor;x
812;51;121;127;Northern Ishka Sea;x
813;30;72;76;Naraji Coast;x
814;30;78;76;Southern Ishka Sea;x
815;35;84;89;RoughSea815?;x
816;70;96;102;Eastern Sea of Ashor;x
817;58;84;89;Argonic Sea;x
818;25;60;63;RoughSea836?;x
819;105;191;191;RoughSea819?;x
820;98;178;178;Bay of Eraqat;x
821;91;165;165;RoughSea821?;x
822;62;153;153;RoughSea822?;x
823;77;140;140;Gulf of Lumaire;x
824;70;127;127;RoughSea824?;x
825;84;153;153;RoughSea825?;x
826;112;204;204;Western Rough Sea;x
827;20;48;51;Sivan Coast;x
828;15;36;38;Astyllean Approach;x
829;127;229;229;Coast of Valanapon;x
830;126;213;229;Blazing Cove;x
831;97;213;229;Lorian Sea;x
832;121;216;216;Western Blazewaters;x
833;124;204;204;Northern Karkaran Sea;x
834;132;204;204;Southern Karkaran Sea;x
835;119;209;216;Eastern Blazewaters;x
836;125;229;229;Coast of Nair;x
837;63;114;114;Eastern Rough Sea;x
838;90;114;114;Xemalatan Sea;x
839;55;109;127;Kronesian Sound;x
840;78;102;102;Deathly Seaway;x
841;56;102;102;Coast of Monterre;x
842;66;89;89;Bay of Akratia;x
843;49;89;89;Blackflag Gap;x
844;42;76;76;CursedSea844?;x
845;35;63;63;CursedSea845?;x
846;28;51;51;CursedSea7078?;x
847;21;38;38;CursedSea847?;x
848;91;153;153;Thedani Straights;x
849;109;153;153;Salicen Gulf;x
850;120;165;165;CursedSea850?;x
851;99;165;165;Lothrin Fjords;x
852;114;191;191;Bay of Concord;x
853;122;204;204;Barbary Fjords;x
854;107;178;178;Kumauren Sea;x
855;7;12;12;CursedSea855?;x
856;14;25;62;CursedSea856?;x
857;15;25;25;CursedSea857?;x
858;22;70;74;CursedSea858?;x
859;22;38;38;CursedSea859?;x
860;22;38;74;CursedSea860?;x
861;30;51;51;CursedSea861?;x
862;47;76;101;CursedSea862?;x
863;55;76;101;CursedSea863?;x
864;82;76;101;CursedSea864?;x
865;66;76;76;CursedSea865?;x
866;45;76;76;CursedSea866?;x
867;45;76;101;CursedSea867?;x
868;38;63;63;CursedSea868?;x
869;55;63;63;CursedSea869?;x
870;61;102;102;CursedSea870?;x
871;89;114;114;CursedSea871?;x
872;68;114;114;CursedSea872?;x
873;53;89;89;CursedSea873?;x
874;82;89;132;CursedSea874?;x
875;76;127;127;CursedSea875?;x
876;124;127;127;CursedSea876?;x
877;93;114;159;CursedSea877?;x
878;93;114;114;CursedSea878?;x
879;84;140;140;CursedSea879?;x
880;93;181;191;Qadrog's Gates;x
881;56;133;140;Gulf of Zhaitker;x
882;71;169;178;Straits of Kaithrat;x
883;66;157;165;Borean Gulf;x
884;61;145;153;Ironbay;x
885;76;181;191;Klendic Coast;x
886;81;193;204;Azure Cape;x
887;86;205;216;Southern Lapidosan Coast;x
888;113;205;216;Northern Lapidosan Coast;x
889;128;218;229;Eastern Keshite Sea;x
890;96;230;242;Shores of the Greatclaw;x
891;102;242;255;Southern Keshite Sea;x
892;66;180;191;Sisutne Strait;x
893;75;205;216;Nesas Channel;x
894;80;217;229;Caterina Crossing;x
895;84;229;242;Gulf of Chakaice;x
896;113;229;242;Strait of Coregoff;x
897;124;229;242;Channel of Voldskadt;x
898;132;229;242;Greater Rexam Lagoon;x
899;116;229;242;Northern Dinsta Coast;x
900;125;222;242;Southern Dinsta Coast;x
901;97;180;191;Coast of Hapatmitas;x
902;109;192;204;Eastern Gulf of Aruna;x
903;71;192;204;Western Gulf of Aruna;x
904;62;168;178;Coast of Timat;x
905;89;241;255;Cape of Tudhaliya;x
906;58;156;165;Bay of Yanren;x
907;53;144;153;Nunaji Coast;x
908;113;241;255;Keshite Deepwaters;x
909;91;218;229;Great Grayreef;x
910;22;71;76;Coast of Solisios;x
911;19;59;63;Sagaviri Reach;x
912;15;47;51;Bay of Artana;x
913;11;35;38;Gulf of Myrmark;x
914;11;66;66;Myrish Swamps;x
915;35;59;63;Vernic Sound;x
916;7;23;25;Sea of Grizagel;x
917;4;11;12;Coast of Asturcia;x
918;49;131;140;Gulf of Sironia;x
919;35;95;102;Bay of Omverlon;x
920;40;107;114;Fuscinian Sea;x
921;44;119;127;Gulf of Ilivian;x
922;22;59;63;Eastern Ombrian Gulf;x
923;26;71;76;Straits of Ayesinco;x
924;31;83;89;Burned Coast;x
925;13;35;38;Sioc Bay;x
926;17;47;51;Gulf of Carvay;x
927;13;35;66;Central Ombrian Gulf;x
928;8;23;25;Western Ombrian Gulf;x
929;30;94;102;Mare Caprechosa;x
930;43;83;89;Sea of Vanakunir;x
931;19;59;82;Southern Sea of Slaves;x
932;26;83;89;Central Sea of Slaves;x
933;38;118;127;Ardatian Coast;x
934;66;118;127;Northern Sea of Slaves;x
935;42;130;140;Dry Coast;x
936;34;106;114;Mare Dragonica;x
937;45;142;153;Straits of Inades;x
938;49;154;165;Volandian Coast;x
939;74;154;165;Fiumene Coast;x
940;59;169;181;Bay of Knossos;x
941;51;188;204;Wailing Sea;x
942;47;176;191;Gulf of Kawalapua;x
943;62;129;140;Vermillion Crossing;x
944;38;141;153;Killingmack Bay;x
945;28;106;114;Lausarian Straits;x
946;31;117;127;Gulf of Auraion;x
947;22;82;89;Eastern Sea of Coltmaere;x
948;25;94;102;Bay of Gebel;x
949;9;35;38;Ailstran Bay;x
950;6;23;25;Thadeti Coast;x
951;12;47;51;Northeastern Phagosian Sea;x
952;31;82;109;Northwestern Phagosian Sea;x
953;15;58;63;Kraetalian Crossing;x
954;47;70;93;Northern Sea of Coltmaere;x
955;19;70;76;Ashen Sound;x
956;78;155;216;Dandelion Sound;x
957;82;200;216;The Pale Sea;x
958;109;200;216;Fluentian Sound;x
959;140;200;216;Wolvenbay;x
960;54;200;216;Bardonian Channel;x
961;41;153;165;Gernosian Coast;x
962;35;129;140;Central Sea of Coltmaere;x
963;70;165;178;Western Sea of Coltmaere;x
964;70;147;178;Eastern Sea of Costarion;x
965;44;165;178;Western Sea of Costarion;x
966;57;212;229;Bay of Poets;x
967;60;224;242;Coast of Fernheim;x
968;82;224;242;Huitcan Barrier;x
969;60;182;242;Tlatoani's Sound;x
970;85;205;204;Sharpshores;x
971;85;185;204;Bay of Tlahatl;x
972;53;166;178;Southern Phagosian Sea;x
973;57;177;191;Coast of Myrrh;x
974;85;151;204;Straits of Micuar;x
975;61;189;204;Inari Channel;x
976;65;201;216;Gulf of Cualitzin;x
977;68;213;229;Cape Masun;x
978;72;225;242;Sylerii Gulf;x
979;76;237;255;Inari Gulf;x
980;76;220;255;Coast of Qualizacan;x
981;63;217;255;Mahuit Coast;x
982;63;235;255;Northern Phagosian Sea;x
983;165;255;255;The White Cliffs;x
984;147;216;216;Southern Gulf of Galleons;x
985;131;216;216;Cornflower Bay;x
986;137;229;229;Ashuran Sea;x
987;140;216;216;Alum Bay;x
988;134;206;206;Southern Gulf of Ryzan;x
989;163;206;206;Eastern Gulf of Ryzan;x
990;159;206;206;Northern Gulf of Ryzan;x
991;124;191;191;Western Gulf of Ryzan;x
992;151;191;191;Firth of Savras;x
993;145;242;242;Vologdan Coast;x
994;153;255;255;Northern Gulf of Galleons;x
995;157;242;242;Suncrown Coast;x
996;149;229;229;Eastern Bay of Vologda;x
997;128;229;229;Western Bay of Vologda;x
998;3;11;39;Sea of Dorasterrock;x
999;3;11;70;Vastmarei Bay;x
1000;5;23;25;NorthshipSea7232?;x
1001;5;23;47;NorthshipSea7233?;x
1002;5;23;51;NorthshipSea7234?;x
1003;7;62;58;NorthshipSea7235?;x
1004;7;34;38;NorthshipSea7236?;x
1005;10;46;51;NorthshipSea7237?;x
1006;10;46;66;NorthshipSea7238?;x
1007;12;57;63;NorthshipSea7239?;x
1008;12;57;89;NorthshipSea7240?;x
1009;15;69;76;Narai Bay;x
1010;39;92;120;Bay of Carthya;x
1011;20;92;102;NorthshipSea7243?;x
1012;17;80;120;NorthshipSea7244?;x
1013;17;80;89;NorthshipSea7245?;x
1014;33;150;165;NorthshipSea7246?;x
1015;38;173;191;NorthshipSea7247?;x
1016;35;161;178;NorthshipSea7248?;x
1017;62;173;191;Northern Sea of Petals;x
1018;22;104;114;Southern Sea of Petals;x
1019;25;115;127;NorthshipSea7251?;x
1020;28;127;140;NorthshipSea7252?;x
1021;28;127;170;NorthshipSea7253?;x
1022;47;124;153;NorthshipSea7254?;x
1023;30;138;153;NorthshipSea7255?;x
1024;40;184;204;NorthshipSea7256?;x
1025;43;196;216;NorthshipSea7257?;x
1026;45;208;229;NorthshipSea7259?;x
1027;48;219;242;NorthshipSea7259?;x
1028;66;194;229;NorthshipSea7260?;x
1029;82;186;255;NorthshipSea7261?;x
1030;50;231;255;NorthshipSea7262?;x
1031;82;167;255;NorthshipSea7263?;x
1032;3;22;25;Sea of Norrdel;x
1033;7;45;51;Sea of Aul;x
1034;5;34;38;Bay of Sovdal;x
1035;13;80;89;Coast of Aulder;x
1036;9;57;63;King Avreham's Sea;x
1037;11;68;76;Bay of Xand;x
1038;17;103;114;Silver Coast;x
1039;15;91;102;Gulf of Hilbor;x
1040;15;82;124;Bay of Vel Deurel;x
1041;28;172;191;Coast of Crel;x
1042;30;183;204;Gulf of Chisti;x
1043;24;149;165;Raykaran Coast;x
1044;26;160;178;Sea of Gvaen;x
1045;19;114;127;Twin Valley Coast;x
1046;22;137;153;Sea of Atardon;x
1047;22;137;178;Coast of Kalei;x
1048;21;126;140;Bay of Arcus;x
1049;51;126;163;King Aulder's Sea;x
1050;32;195;216;Silken Straits;x
1051;34;206;229;Gulf of Cemara;x
1052;36;218;242;Bay of Ukorval;x
1053;38;229;255;Bay of Jamtas;x
1054;38;209;217;Bay of Entiatahl;x
1055;7;68;76;Straits of Pomeroy;x
1056;8;79;89;Icaran Bay;x
1057;6;57;63;Bay of Paludis;x
1058;10;91;102;Sea of Dualifin;x
1059;5;45;89;King Xandros' Sea;x
1060;2;22;25;Coast of Grovehelm;x
1061;1;11;43;Straits of Lumeno;x
1062;28;39;62;Tartaran Sea;x
1063;3;34;38;Boarish Coast;x
1064;5;45;51;King Gwaendal's Sea;x
1065;55;105;128;SilverSea7297?;x
1066;11;102;114;SilverSea7298?;x
1067;12;114;127;SilverSea7299?;x
1068;14;125;140;SilverSea7300?;x
1069;17;136;201;Coast of Pomjad;x
1070;17;159;178;SilverSea7302?;x
1071;16;148;165;SilverSea7303?;x
1072;43;113;165;SilverSea7304?;x
1073;15;113;128;SilverSea7305?;x
1074;15;136;153;Coast of Miwajima;x
1075;20;182;204;Sakurai Coast;x
1076;19;171;191;Ordan Gulf;x
1077;24;216;242;Coast of Ignatava;x
1078;22;205;229;Sakura Sea;x
1079;21;193;216;Gulf of Goshumá;x
1080;25;201;255;Bay of Darzivors;x
1081;25;228;255;Coast of Nahrayn;x
1082;12;226;255;Bay of Ajek;x
1083;12;186;255;Gulf of Khorisal;x
1084;12;215;242;Sea of Urcasten;x
1085;15;113;151;SilverSea7317?;x
1086;12;198;242;SilverSea7318?;x
1087;11;182;213;Najeri Straits;x
1088;11;204;229;OsteriumSea7320?;x
1089;10;181;204;OsteriumSea7321?;x
1090;10;192;216;OsteriumSea7322?;x
1091;10;143;204;OsteriumSea7323?;x
1092;9;170;191;OsteriumSea7324?;x
1093;39;120;165;OsteriumSea7325?;x
1094;8;147;165;OsteriumSea7326?;x
1095;8;158;178;OsteriumSea7327?;x
1096;35;143;178;OsteriumSea7328?;x
1097;7;136;153;OsteriumSea7329?;x
1098;5;90;102;OsteriumSea7330?;x
1099;4;79;89;OsteriumSea7331?;x
1100;0;22;25;OsteriumSea7332?;x
1101;0;33;38;OsteriumSea7333?;x
1102;130;216;216;OsteriumSea7334?;x
1103;0;11;12;OsteriumSea7335?;x
1104;1;22;25;OsteriumSea7336?;x
1105;1;34;38;OsteriumSea7337?;x
1106;2;45;51;OsteriumSea7338?;x
1107;3;74;85;OsteriumSea7339?;x
1108;3;56;63;OsteriumSea7340?;x
1109;3;68;76;OsteriumSea7341?;x
1110;5;102;114;OsteriumSea7342?;x
1111;6;113;127;OsteriumSea7343?;x
1112;7;124;140;OsteriumSea7344?;x
1113;9;147;191;OsteriumSea7345?;x
1114;7;116;153;OsteriumSea7346?;x
1115;5;74;128;OsteriumSea7347?;x
1116;3;68;93;OsteriumSea7348?;x
1117;4;79;109;OsteriumSea7349?;x
1118;58;146;165;Eastern Shiny Sea;x
1119;101;146;165;Western Shiny Sea;x
1120;0;56;63;Vaariede;x
1121;0;45;51;Mariede;x
1122;11;52;76;Lake Neriele;x
1123;0;15;25;Lake of Syndlor;x
1124;0;23;38;Lake of Vechtor;x
1125;0;67;76;Osdlim Cove;x
1126;22;105;153;Lake Kaiteka;x
1127;1;16;25;HelmianLakes7359?;x
1128;66;153;153;RoughSea7360?;x
1129;74;102;102;Coast of Kronesia;x
1130;46;83;89;Jeghosi Coast;x
1131;24;168;191;Ironwaters;x
1132;122;153;138;Saimara Peaks;x
1133;124;153;138;Southern Apasiril Mountains;x
1134;126;153;138;Peak of Apasiril;x
1135;128;153;138;Western Apasiril Mountains;x
1136;129;153;138;Northern Apasiril Mountains;x
1137;132;153;138;Eastern Apasiril Mountains;x
1138;204;255;232;Northern Blazing Wastes;x
1139;193;242;220;Central Blazing Wastes;x
1140;183;229;208;Southern Blazing Wastes;x
1141;173;216;197;Lone Dunes;x
1142;112;140;127;Dry Gulch;x
1143;116;140;127;Western Huronad Peaks;x
1144;120;140;127;Central Huronad Peaks;x
1145;124;140;127;Eastern Huronad Peaks;x
1146;163;204;185;Fuscinian Desert;x
1147;153;191;174;Western Rithaur's Wall;x
1148;155;191;174;Eastern Rithaur's Wall;x
1149;132;165;150;Krisamaerrat;x
1150;134;165;150;Caramaerrat;x
1151;136;165;150;Stilmaerrat;x
1152;142;178;162;Northern Red Mountains;x
1153;144;178;162;Southern Red Mountains;x
1154;122;153;139;Kingscrest;x
1155;71;89;81;Southern Zarntahle Mountains;x
1156;73;89;81;Northern Zarntahle Mountains;x
1157;75;89;81;Southern Kutnubad Mountains;x
1158;77;89;81;Western Kutnubad Mountains;x
1159;79;89;81;Northern Kutnubad Mountains;x
1160;102;127;116;Eastern Kaheren Mountains;x
1161;104;127;116;Central Kaheren Mountains;x
1162;106;127;116;Western Kaheren Mountains;x
1163;81;102;92;Northern Vraelic Mountains;x
1164;83;102;92;Eastern Vraelic Mountains;x
1165;85;102;92;Western Vraelic Mountains;x
1166;87;102;92;Southern Vraelic Mountains;x
1167;89;102;92;Far Vraelic Mountains;x
1168;61;76;69;Far Western Great Divide;x
1169;63;76;69;Western Great Divide;x
1170;65;76;69;Eastern Great Divide;x
1171;67;76;69;Far Eastern Great Divide;x
1172;91;114;104;Chimunic Mountains;x
1173;38;135;191;Lirnaltár;x
1174;40;144;204;Sanpyr;x
1175;43;153;216;Gray Lake;x
1176;45;162;229;Karuketh;x
1177;24;168;188;Foxmarsh;x
1178;13;61;89;Lake Ipiere;x
1179;9;43;63;Lake Trinthos;x
1180;15;70;102;Lake Idemira;x
1181;17;78;114;Lake Chele;x
1182;19;87;127;Lake Aveqer;x
1183;7;35;51;Lake Egalia;x
1184;5;26;38;Little Moon;x
1185;3;17;25;Little Sun;x
1186;2;17;25;Little Earth;x
1187;5;34;51;Northern Siatahl Swamp;x
1188;3;25;38;Central Siatahl Swamp;x
1189;24;114;165;Lake Arva;x
1190;21;96;140;?;x
1191;28;131;191;Lake Vernimas;x
1192;34;157;229;Mizind;x
1193;36;166;242;Potatomarsh;x
1194;30;140;204;Serrelai Lake;x
1195;38;175;255;Tænu o Finæ;x
1196;50;180;255;Eye of Sparwood;x
1197;48;171;242;Spirits of Sticks;x
1198;35;126;178;Watergardens;x
1199;22;64;89;Lake Tarneos;x
1200;32;149;216;Rathnir9527;x
1201;12;85;127;Rathnir9528;x
1202;14;93;140;Rathnir9529;x
1203;15;102;153;Rathnir9530;x
1204;16;111;165;Rathnir9531;x
1205;17;119;178;Rathnir9532;x
1206;21;145;216;Rathnir9533;x
1207;20;136;204;Rathnir9534;x
1208;19;128;191;Rathnir9535;x
1209;22;153;229;Rathnir9536;x
1210;24;162;242;Rathnir9537;x
1211;25;170;255;Rathnir9538;x
1212;11;149;229;Rathnir9539;x
1213;12;166;255;Rathnir9540;x
1214;12;157;242;Rathnir9541;x
1215;11;76;114;Rathnir9542;x
1216;10;68;102;Rathnir9543;x
1217;8;59;89;Rathnir9544;x
1218;7;51;76;Rathnir9545;x
1219;6;42;63;Rathnir9546;x
1220;9;27;38;Lake of Vistulicus;x
1221;12;36;51;Lake Brodela;x
1222;15;46;63;Lake of the Southern Winds;x
1223;19;55;76;Fiorito Lake;x
1224;42;104;140;Rathnir9551;x
1225;45;113;153;Rathnir9552;x
1226;53;132;178;Rathnir9553;x
1227;57;142;191;Rathnir9554;x
1228;61;151;204;Rathnir9555;x
1229;61;154;204;Rathnir9556;x
1230;17;63;89;Lake Tiatua;x
1231;9;27;39;Rathnir9558;x
1232;6;18;25;Rathnir9559;x
1233;5;18;25;Rathnir9560;x
1234;7;27;38;Rathnir9561;x
1235;10;36;51;Rathnir9562;x
1236;12;45;63;Rathnir9563;x
1237;15;54;76;Rathnir9564;x
1238;20;72;102;Rathnir9565;x
1239;22;81;114;Rathnir9566;x
1240;25;90;127;The Tear;x
1241;30;108;153;The Eye;x
1242;28;99;140;Rathnir9569;x
1243;0;133;216;Rathnir9570;x
1244;0;141;229;Rathnir9571;x
1245;0;157;255;Rathnir9572;x
1246;0;149;242;Rathnir9573;x
1247;0;94;153;Rathnir9574;x
1248;0;102;165;Rathnir9575;x
1249;0;110;178;Rathnir9576;x
1250;0;125;204;Rathnir9577;x
1251;0;62;102;Rathnir9578;x
1252;0;55;89;Rathnir9579;x
1253;0;86;140;Rathnir9580;x
1254;0;78;127;Rathnir9581;x
1255;0;70;114;Rathnir9582;x
1256;0;39;63;Rathnir9583;x
1257;0;31;51;Rathnir9584;x
1258;1;24;38;Rathnir9585;x
1259;2;32;51;Rathnir9586;x
1260;3;40;63;Rathnir9587;x
1261;3;48;76;Rathnir9588;x
1262;4;56;89;Rathnir9589;x
1263;5;64;102;Rathnir9590;x
1264;5;72;114;Rathnir9591;x
1265;6;81;127;Rathnir9592;x
1266;7;97;153;Rathnir9593;x
1267;7;89;140;Rathnir9594;x
1268;8;105;165;Rathnir9595;x
1269;82;138;165;Rathnir9596;x
1270;51;85;102;Rathnir9597;x
1271;44;74;89;Rathnir9598;x
1272;38;63;76;Rathnir9599;x
1273;14;23;28;Rathnir9600;x
1274;40;72;89;Rathnir9601;x
1275;28;51;63;Rathnir9602;x
1276;34;61;76;Rathnir9603;x
1277;22;41;51;Rathnir9604;x
1278;11;20;25;Rathnir9605;x
1279;8;19;25;Rathnir9606;x
1280;17;39;51;Rathnir9607;x
1281;97;175;216;Rathnir9608;x
1282;86;154;191;Rathnir9609;x
1283;91;164;204;Rathnir9610;x
1284;22;49;63;Rathnir9611;x
1285;31;68;89;Rathnir9612;x
1286;66;147;191;Rathnir9613;x
1287;89;196;255;Rathnir9614;x
1288;84;187;242;Rathnir9615;x
1289;80;177;229;Rathnir9616;x
1290;26;122;178;Southern Siatahl Swamp;x
1291;0;47;76;Rathnir9618;x
1292;114;81;34;Arcasynezzia;x
1293;178;107;107;Àndi-Arrak;x
1294;178;71;0;Érrebos;x
1295;153;106;19;Fèrrstra;x
1296;122;95;191;Nòs;x
1297;119;153;136;Stomesté Hills;x
1298;67;153;216;Lirán ae Toúrtoka;x
1299;66;158;118;Vanasaeli;x
1300;72;154;142;Krisasaeli;x
1301;51;118;165;Sovasael;x
1302;83;146;142;Geranarra;x
1303;81;182;207;Witchwaters;x
1304;47;72;208;Thaelinna;x
1305;45;74;242;Asherén;x
1306;200;100;70;Igozarthak;x
1307;214;108;65;Tiavarral;x
1308;211;97;72;Vanaliran;x
1309;222;104;70;Kaleatarra;x
1310;222;110;104;Sinarrash;x
1311;160;72;76;Maliarrak;x
1312;232;90;132;Akour'algar;x
1313;224;100;125;Saixava;x
1314;184;95;94;Thereshak;x
1315;184;92;86;Akaramash;x
1316;232;104;64;Grizagel;x
1317;36;44;66;Alerrois;x
1318;28;57;140;Esterrois;x
1319;64;108;140;Marreanois;x
1320;83;146;191;Icanscelle;x
1321;50;62;90;Arggentéa;x
1322;63;65;102;Roxèll;x
1323;221;59;65;Aiyurk;x
1324;226;57;65;Zaluhs;x
1325;196;59;57;Sehnasvoh;x
1326;252;72;72;Ralikal;x
1327;31;51;51;Purplesail Narrows;x
1328;57;193;204;Knossian Lagoon;x
1329;22;60;78;Carvayan Lakes;x
1330;24;62;80;Griffinpond;x
1331;26;64;82;Dragonlake;x
1332;28;66;84;Masgari Edge;x
1333;173;84;58;Vottori;x
1334;255;117;64;Dracoda;x
1335;246;85;60;Risaker;x
1336;246;117;64;Dragonerroth;x
1337;163;200;76;Al-Fruntiera;x
1338;125;163;71;Kronborg;x
1339;134;175;68;Bacir;x
1340;122;173;74;Tal-Muntanji;x
1341;208;179;53;Zegroj;x
1342;184;158;48;Malcopt;x
1343;190;162;56;Bronncrot;x
1344;234;204;63;Cantavega;x
1345;170;63;58;Ronaia;x
1346;180;58;52;Selinyceum;x
1347;184;62;52;Ma-it;x
1348;186;64;54;Honshu;x
1349;191;70;69;Aqitinah;x
1350;36;106;82;Port Marga;x
1351;40;116;88;Arcatreza;x
1352;46;146;113;Nicotarra;x
1353;104;170;143;Arcadiana;x
1354;94;145;127;Gorka Morka;x
1355;189;160;160;Neirsire;x
1356;162;112;45;Palatrago;x
1357;185;125;60;Sylimá;x
1358;193;123;60;Porta Mercane;x
1359;200;130;60;Nolacanua;x
1360;196;140;63;Edunora;x
1361;210;140;63;Ravenatta;x
1362;216;150;63;Vioncarra;x
1363;186;147;62;Tacanûma;x
1364;190;132;56;Pirtig;x
1365;210;84;90;Casato;x
1366;215;84;74;Voulonos Mensaggei;x
1367;58;145;210;Keremanna;x
1368;51;127;184;Griffinwoods;x
1369;50;120;170;Delacaia;x
1370;48;98;156;Siavena;x
1371;64;98;162;Anakyvas;x
1372;41;99;153;Daeltarra;x
1373;52;93;158;Porta Kolianna;x
1374;255;204;44;Madinatta;x
1375;255;119;112;Pedazzos;x
1376;222;192;54;Eponia;x
1377;239;207;158;Zoúnkla;x
1378;24;130;69;Sparwood1378;x
1379;39;151;59;Sparwood1379;x
1380;38;154;48;Sparwood1380;x
1381;46;158;38;Sparwood1381;x
1382;30;137;60;Sparwood1382;x
1383;46;167;44;Sparwood1383;x
1384;41;160;51;Sparwood1384;x
1385;73;177;53;Sparwood1385;x
1386;32;153;60;Sparwood1386;x
1387;35;141;70;Sparwood1387;x
1388;35;175;39;Sparwood1388;x
1389;157;195;35;Sparwood1389;x
1390;132;175;46;Sparwood1390;x
1391;106;194;183;Sparwood1391;x
1392;96;185;178;Sparwood1392;x
1393;98;177;175;Sparwood1393;x
1394;90;170;172;Sparwood1394;x
1395;90;161;167;Sparwood1395;x
1396;40;186;117;Sparwood1396;x
1397;36;180;76;Sparwood1397;x
1398;211;160;160;Sparwood1398;x
1399;25;186;78;Sparwood1399;x
1400;39;188;95;Sparwood1400;x
1401;118;158;38;Sparwood1401;x
1402;152;198;39;Sparwood1402;x
1403;136;188;34;Sparwood1403;x
1404;139;188;43;Sparwood1404;x
1405;174;166;36;Sparwood1405;x
1406;184;175;39;Sparwood1406;x
1407;197;188;33;Sparwood1407;x
1408;187;181;45;Sparwood1408;x
1409;213;229;59;Sparwood1409;x
1410;184;216;41;Sparwood1410;x
1411;187;191;34;Sparwood1411;x
1412;147;193;31;Sparwood1412;x
1413;128;177;29;Sparwood1413;x
1414;122;168;32;Sparwood1414;x
1415;115;161;25;Sparwood1415;x
1416;132;184;30;Sparwood1416;x
1417;91;161;32;Sparwood1417;x
1418;117;168;34;Sparwood1418;x
1419;203;91;14;Sparwood1419;x
1420;221;110;47;Sparwood1420;x
1421;216;96;13;Sparwood1421;x
1422;231;114;34;Sparwood1422;x
1423;42;122;27;Sparwood1423;x
1424;33;111;33;Sparwood1424;x
1425;28;97;67;Sparwood1425;x
1426;26;114;72;Sparwood1426;x
1427;29;108;70;Sparwood1427;x
1428;34;121;87;Sparwood1428;x
1429;242;255;249;Sparwood1429 (this is wasteland btw c:);x
1430;197;205;217;Sparwood1430;x
1431;209;229;234;Sparwood1431;x
1432;217;236;241;Sparwood1432;x
1433;210;227;232;Sparwood1433;x
1434;206;219;224;Sparwood1434;x
1435;209;214;218;Sparwood1435;x
1436;199;209;215;Sparwood1436;x
1437;195;203;211;Sparwood1437;x
1438;191;196;209;Sparwood1438;x
1439;173;177;188;Sparwood1439;x
1440;182;186;203;Sparwood1440;x
1441;240;240;253;Sparwood1441;x
1442;76;153;33;Sparwood1442;x
1443;68;142;42;Sparwood1443;x
1444;69;145;35;Sparwood1444;x
1445;50;136;45;Sparwood1445;x
1446;44;120;25;Sparwood1446;x
1447;20;82;52;Sparwood1447;x
1448;59;142;30;Sparwood1448;x
1449;26;86;48;Sparwood1449;x
1450;24;77;53;Sparwood1450;x
1451;22;81;54;Sparwood1451;x
1452;20;86;56;Sparwood1452;x
1453;38;104;38;Sparwood1453;x
1454;52;116;40;Sparwood1454;x
1455;60;125;37;Sparwood1455;x
1456;53;116;38;Sparwood1456;x
1457;32;93;32;Sparwood1457;x
1458;32;88;40;Sparwood1458;x
1459;34;102;37;Sparwood1459;x
1460;34;109;30;Sparwood1460;x
1461;34;115;25;Sparwood1461;x
1462;42;136;24;Sparwood1462;x
1463;58;145;28;Sparwood1463;x
1464;50;137;27;Sparwood1464;x
1465;37;179;112;Sparwood1465;x
1466;55;168;171;LakeSPMinor1;x
1467;67;164;167;LakeSPMinor2;x
1468;224;249;237;WastelandSPMinor1;x
1469;125;137;131;WastelandSPMinor2;x
1470;122;149;134;WastelandSPMinor3;x
1471;96;125;109;WastelandSPMinor4;x
1472;201;93;99;Sparwood1472;x
1473;186;68;91;Sparwood1473;x
1474;190;75;92;Sparwood1474;x
1475;186;83;98;Sparwood1475;x
1476;178;77;87;Sparwood1476;x
1477;198;110;80;Sparwood1477;x
1478;189;100;62;Sparwood1478;x
1479;188;93;70;Sparwood1479;x
1480;167;30;105;Sparwood1480;x
1481;174;39;106;Sparwood1481;x
1482;177;47;112;Sparwood1482;x
1483;190;63;126;Sparwood1483;x
1484;190;75;132;Sparwood1484;x
1485;179;56;130;Sparwood1485;x
1486;115;88;162;Sparwood1486;x
1487;136;122;163;Sparwood1487;x
1488;85;30;94;Sparwood1488;x
1489;155;44;121;Sparwood1489;x
1490;146;33;122;Sparwood1490;x
1491;97;21;105;Sparwood1491;x
1492;127;26;116;Sparwood1492;x
1493;94;40;107;Sparwood1493;x
1494;68;28;88;Sparwood1494;x
1495;40;16;82;Sparwood1495;x
1496;36;20;94;Sparwood1496;x
1497;10;45;90;Sparwood1497;x
1498;53;165;112;Sparwood1498;x
1499;15;10;82;Sparwood1499;x
1500;15;68;107;Sparwood1500;x
1501;42;108;127;Sparwood1501;x
1502;62;132;127;Sparwood1502;x
1503;28;98;131;Sparwood1503;x
1504;29;81;111;Sparwood1504;x
1505;19;123;69;Sparwood1505;x
1506;45;116;72;Sparwood1506;x
1507;37;153;87;Sparwood1507;x
1508;61;129;77;Sparwood1508;x
1509;55;151;134;Sparwood1509;x
1510;126;194;95;Sparwood1510;x
1511;93;178;77;Sparwood1511;x
1512;102;183;80;Sparwood1512;x
1513;119;190;78;Sparwood1513;x
1514;90;171;79;Sparwood1514;x
1515;79;150;47;Sparwood1515;x
1516;180;212;44;Sparwood1516;x
1517;215;220;82;Sparwood1517;x
1518;217;228;109;Sparwood1518;x
1519;74;173;78;Sparwood1519;x
1520;209;88;112;Sparwood1520;x
1521;220;120;140;Sparwood1521;x
1522;189;119;225;Sparwood1522;x
1523;195;63;168;Sparwood1523;x
1524;215;123;155;Sparwood1524;x
1525;208;120;155;Sparwood1525;x
1526;207;104;150;Sparwood1526;x
1527;222;57;213;Sparwood1527;x
1528;191;54;190;Sparwood1528;x
1529;214;124;178;Sparwood1529;x
1530;240;161;188;Sparwood1530;x
1531;232;165;168;Sparwood1531;x
1532;203;107;111;Sparwood1532;x
1533;125;90;226;Sparwood1533;x
1534;210;66;166;Sparwood1534;x
1535;227;97;213;Sparwood1535;x
1536;228;85;134;Sparwood1536;x
1537;190;79;208;Sparwood1537;x
1538;149;64;193;Sparwood1538;x
1539;180;73;61;Sparwood1539;x
1540;180;91;61;Sparwood1540;x
1541;198;179;252;Sparwood1541;x
1542;248;197;251;Sparwood1542;x
1543;247;192;235;Sparwood1543;x
1544;205;105;169;Sparwood1544;x
1545;194;198;245;Sparwood1545;x
1546;255;202;236;Sparwood1546;x
1547;92;57;114;Sparwood1547;x
1548;236;158;208;Sparwood1548;x
1549;186;71;205;Sparwood1549;x
1550;126;84;152;Sparwood1550;x
1551;201;108;168;Sparwood1551;x
1552;147;100;162;Sparwood1552;x
1553;198;139;151;Sparwood1553;x
1554;155;119;177;Sparwood1554;x
1555;193;139;198;Sparwood1555;x
1556;227;195;122;Sparwood1556;x
1557;233;237;135;Sparwood1557;x
1558;221;191;104;Sparwood1558;x
1559;216;157;157;Sparwood1559;x
1560;206;148;148;Sparwood1560;x
1561;104;213;221;Sparwood1561;x
1562;103;171;197;Sparwood1562;x
1563;111;192;204;Sparwood1563;x
1564;91;154;178;Sparwood1564;x
1565;166;248;246;Sparwood1565;x
1566;171;252;246;Sparwood1566;x
1567;171;230;252;Sparwood1567;x
1568;209;251;248;Sparwood1568;x
1569;213;203;251;Sparwood1569;x
1570;122;111;204;Sparwood1570;x
1571;96;103;174;Sparwood1571;x
1572;151;136;193;Sparwood1572;x
1573;122;118;185;Sparwood1573;x
1574;136;138;193;Sparwood1574;x
1575;121;96;174;Sparwood1575;x
1576;204;160;201;Sparwood1576;x
1577;197;127;179;Sparwood1577;x
1578;186;109;143;Sparwood1578;x
1579;136;172;193;Sparwood1579;x
1580;145;199;198;Sparwood1580;x
1581;160;204;194;Sparwood1581;x
1582;251;255;211;Sparwood1582;x
1583;249;239;185;Sparwood1583;x
1584;240;248;166;Sparwood1584;x
1585;177;203;166;Sparwood1585;x
1586;208;224;201;Sparwood1586;x
1587;187;232;148;Sparwood1587;x
1588;148;230;232;Sparwood1588;x
1589;168;242;248;Sparwood1589;x
1590;157;232;148;Sparwood1590;x
1591;126;228;150;Sparwood1591;x
1592;126;228;195;Sparwood1592;x
1593;126;228;210;Sparwood1593;x
1594;159;240;218;Sparwood1594;x
1595;130;228;241;Sparwood1595;x
1596;51;132;171;Sparwood1596;x
1597;51;108;171;Sparwood1597;x
1598;36;57;154;Sparwood1598;x
1599;130;241;228;Sparwood1599;x
1600;184;240;159;Sparwood1600;x
1601;160;240;159;Sparwood1601;x
1602;105;38;65;Sparwood1602;x
1603;126;63;104;Sparwood1603;x
1604;102;45;105;Sparwood1604;x
1605;51;21;92;Sparwood1605;x
1606;71;22;103;Sparwood1606;x
1607;18;15;63;Sparwood1607;x
1608;34;20;72;Sparwood1608;x
1609;196;134;64;Sparwood1609;x
1610;197;122;31;Sparwood1610;x
1611;197;97;31;Sparwood1611;x
1612;209;127;47;Sparwood1612;x
1613;222;229;68;Sparwood1613;x
1614;183;150;56;Sparwood1614;x
1615;126;22;37;Sparwood1615;x
1616;190;196;37;Sparwood1616;x
1617;191;203;75;Sparwood1617;x
1618;83;15;39;Sparwood1618;x
1619;39;4;10;Sparwood1619;x
1620;37;6;23;Sparwood1620;x
1621;48;8;14;Sparwood1621;x
1622;70;13;25;Sparwood1622;x
1623;58;19;67;Sparwood1623;x
1624;98;23;115;Sparwood1624;x
1625;115;23;96;Sparwood1625;x
1626;222;68;29;Sparwood1626;x
1627;103;38;22;Sparwood1627;x
1628;197;53;38;Sparwood1628;x
1629;151;35;15;Sparwood1629;x
1630;101;23;19;Sparwood1630;x
1631;76;6;17;Sparwood1631;x
1632;128;31;26;Sparwood1632;x
1633;178;75;21;Sparwood1633;x
1634;59;121;116;Sparwood1634;x
1635;64;34;52;Sparwood1635;x
1636;51;22;33;Sparwood1636;x
1637;41;13;13;Sparwood1637;x
1638;61;21;39;Sparwood1638;x
1639;61;31;21;Sparwood1639;x
1640;89;40;77;Sparwood1640;x
1641;87;54;14;Sparwood1641;x
1642;79;47;22;Sparwood1642;x
1643;100;39;69;Sparwood1643;x
1644;121;59;111;Sparwood1644;x
1645;41;93;94;Sparwood1645;x
1646;32;22;50;Sparwood1646;x
1647;73;29;124;Sparwood1647;x
1648;38;50;70;Sparwood1648;x
1649;38;55;70;Sparwood1649;x
1650;38;62;70;Sparwood1650;x
1651;52;24;137;Sparwood1651;x
1652;55;42;91;Sparwood1652;x
1653;61;39;128;Sparwood1653;x
1654;41;94;67;Sparwood1654;x
1655;48;94;41;Sparwood1655;x
1656;84;152;120;Sparwood1656;x
1657;78;139;89;Sparwood1657;x
1658;38;98;75;Sparwood1658;x
1659;95;165;122;Sparwood1659;x
1660;53;111;75;Sparwood1660;x
1661;53;106;79;Sparwood1661;x
1662;53;98;83;Sparwood1662;x
1663;47;93;83;Sparwood1663;x
1664;38;70;68;Sparwood1664;x
1665;209;226;217;WastelandSparwood1665;x
1666;213;236;224;WastelandSparwood1666;x
1667;143;192;167;WastelandSparwood1667;x
1668;168;199;183;WastelandSparwood1668;x
1669;94;105;93;WastelandSparwood1669;x
1670;95;106;98;WastelandSparwood1670;x
1671;138;154;136;WastelandSparwood1671;x
1672;116;136;114;WastelandSparwood1672;x
1673;100;111;98;WastelandSparwood1673;x
1674;91;104;89;WastelandSparwood1674;x
1675;33;33;139;SouthernSea1675;x
1676;20;51;131;SouthernSea1676;x
1677;14;14;106;SouthernSea1677;x
1678;34;34;128;SouthernSea1678;x
1679;7;37;113;SouthernSea1679;x
1680;8;19;93;SouthernSea1680;x
1681;13;12;93;SouthernSea1681;x
1682;18;17;70;SouthernSea1682;x
1683;9;8;57;SouthernSea1683;x
1684;15;14;75;SouthernSea1684;x
1685;17;22;81;SouthernSea1685;x
1686;6;22;94;SouthernSea1686;x
1687;30;23;136;SouthernSea1687;x
1688;10;19;122;SouthernSea1688;x
1689;25;29;139;SouthernSea1689;x
1690;41;33;154;SouthernSea1690;x
1691;34;50;149;SouthernSea1691;x
1692;3;30;99;CymruSea1692;x
1693;10;28;111;CymruSea1693;x
1694;37;23;106;CymruSea1694;x
1695;44;31;91;CymruSea1695;x
1696;43;24;84;CymruSea1696;x
1697;26;13;73;CymruSea1697;x
1698;22;12;101;CymruSea1698;x
1699;18;6;109;CymruSea1699;x
1700;5;22;94;CymruSea1700;x
1701;3;20;77;CymruSea1701;x
1702;25;15;76;CymruSea1702;x
1703;34;6;109;CymruSea1703;x
1704;23;22;84;CymruSea1704;x
1705;8;21;65;CymruSea1705;x
1706;7;14;59;CymruSea1706;x
1707;20;14;66;CymruSea1707;x
1708;16;15;76;CymruSea1708;x
1709;15;15;82;CymruSea1709;x
1710;7;8;43;CymruSea1710;x
1711;2;3;33;CymruSea1711;x
1712;15;16;65;CymruSea1712;x
1713;11;13;52;CymruSea1713;x
1714;16;10;59;CymruSea1714;x
1715;31;24;83;CymruSea1715;x
1716;23;15;80;CymruSea1716;x
1717;13;5;71;CymruSea1717;x
1718;3;6;77;CymruSea1718;x
1719;20;20;100;CymruSea1719;x
1720;17;17;78;CymruSea1720;x
1721;13;12;70;CymruSea1721;x
1722;33;32;82;CymruSea1722;x
1723;22;12;70;CymruSea1723;x
1724;27;16;83;CymruSea1724;x
1725;33;15;72;CymruSea1725;x
1726;37;16;83;CymruSea1726;x
1727;38;32;82;CymruSea1727;x
1728;31;25;73;CymruSea1728;x
1729;25;21;55;CymruSea1729;x
1730;28;29;61;CymruSea1730;x
1731;20;22;73;CymruSea1731;x
1732;34;20;73;CymruSea1732;x
1733;25;145;59;Cymru1733;x
1734;82;156;48;Cymru1734;x
1735;177;184;205;Cymru1735;x
1736;185;224;213;Cymru1736;x
1737;43;132;80;Cymru1737;x
1738;52;156;100;Cymru1738;x
1739;48;179;115;Cymru1739;x
1740;56;186;96;Cymru1740;x
1741;67;147;104;Cymru1741;x
1742;142;69;171;Cymru1742;x
1743;124;58;157;Cymru1743;x
1744;112;56;148;Cymru1744;x
1745;100;57;151;Cymru1745;x
1746;87;47;144;Cymru1746;x
1747;71;41;136;Cymru1747;x
1748;75;54;137;Cymru1748;x
1749;74;50;129;Cymru1749;x
1750;67;31;131;Cymru1750;x
1751;47;40;103;Cymru1751;x
1752;58;43;115;Cymru1752;x
1753;58;33;114;Cymru1753;x
1754;74;31;129;Cymru1754;x
1755;90;30;141;Cymru1755;x
1756;106;36;161;Cymru1756;x
1757;100;27;151;Cymru1757;x
1758;112;34;159;Cymru1758;x
1759;66;157;99;Cymru1759;x
1760;75;168;94;Cymru1760;x
1761;46;141;91;Cymru1761;x
1762;60;151;75;Cymru1762;x
1763;51;143;81;Cymru1763;x
1764;46;31;139;Cymru1764;x
1765;35;20;130;Cymru1765;x
1766;17;19;119;Cymru1766;x
1767;30;23;104;Cymru1767;x
1768;33;23;118;Cymru1768;x
1769;46;20;127;Cymru1769;x
1770;27;20;81;Cymru1770;x
1771;39;15;117;Cymru1771;x
1772;67;51;130;Cymru1772;x
1773;78;56;142;Cymru1773;x
1774;66;58;136;Cymru1774;x
1775;57;48;139;Cymru1775;x
1776;49;34;133;Cymru1776;x
1777;60;45;140;Cymru1777;x
1778;37;32;129;Cymru1778;x
1779;48;31;143;Cymru1779;x
1780;40;23;118;Cymru1780;x
1781;25;25;119;Cymru1781;x
1782;20;25;108;Cymru1782;x
1783;41;42;101;Cymru1783;x
1784;42;34;95;Cymru1784;x
1785;46;39;91;Cymru1785;x
1786;88;58;103;Cymru1786;x
1787;82;56;90;Cymru1787;x
1788;88;59;107;Cymru1788;x
1789;82;50;90;Cymru1789;x
1790;84;58;97;Cymru1790;x
1791;85;51;84;Cymru1791;x
1792;81;45;83;Cymru1792;x
1793;89;43;89;Cymru1793;x
1794;85;49;115;Cymru1794;x
1795;95;52;126;Cymru1795;x
1796;105;57;132;Cymru1796;x
1797;118;65;136;Cymru1797;x
1798;132;73;143;Cymru1798;x
1799;141;81;148;Cymru1799;x
1800;156;92;160;Cymru1800;x
1801;170;50;168;Cymru1801;x
1802;173;64;170;Cymru1802;x
1803;123;40;170;Cymru1803;x
1804;159;50;170;Cymru1804;x
1805;163;55;174;Cymru1805;x
1806;158;63;164;Cymru1806;x
1807;163;46;163;Cymru1807;x
1808;129;38;161;Cymru1808;x
1809;145;45;168;Cymru1809;x
1810;149;60;168;Cymru1810;x
1811;147;54;166;Cymru1811;x
1812;56;54;80;Cymru1812;x
1813;54;59;80;Cymru1813;x
1814;55;69;89;Cymru1814;x
1815;55;73;89;Cymru1815;x
1816;52;63;82;Cymru1816;x
1817;56;68;86;Cymru1817;x
1818;55;80;89;Cymru1818;x
1819;36;76;75;Cymru1819;x
1820;42;81;78;Cymru1820;x
1821;47;84;83;Cymru1821;x
1822;38;72;72;Cymru1822;x
1823;41;77;72;Cymru1823;x
1824;24;63;56;Cymru1824;x
1825;55;86;92;Cymru1825;x
1826;45;80;75;Cymru1826;x
1827;47;83;78;Cymru1827;x
1828;53;100;104;Cymru1828;x
1829;30;66;60;Cymru1829;x
1830;32;70;67;Cymru1830;x
1831;32;62;57;Cymru1831;x
1832;25;64;57;Cymru1832;x
1833;52;97;86;Cymru1833;x
1834;41;72;67;Cymru1834;x
1835;62;122;99;Cymru1835;x
1836;42;72;64;Cymru1836;x
1837;73;137;103;Cymru1837;x
1838;94;161;102;Cymru1838;x
1839;57;102;89;Cymru1839;x
1840;82;150;97;Cymru1840;x
1841;98;171;103;Cymru1841;x
1842;69;132;95;Cymru1842;x
1843;81;153;104;Cymru1843;x
1844;87;160;96;Cymru1844;x
1845;65;111;99;Cymru1845;x
1846;71;119;100;Cymru1846;x
1847;62;107;83;Cymru1847;x
1848;57;102;78;Cymru1848;x
1849;71;114;91;Cymru1849;x
1850;68;121;92;Cymru1850;x
1851;85;145;95;Cymru1851;x
1852;76;127;100;Cymru1852;x
1853;80;139;99;Cymru1853;x
1854;209;82;116;Cymru1854;x
1855;202;75;106;Cymru1855;x
1856;210;91;123;Cymru1856;x
1857;217;99;121;Cymru1857;x
1858;226;114;128;Cymru1858;x
1859;214;91;110;Cymru1859;x
1860;210;74;94;Cymru1860;x
1861;203;58;80;Cymru1861;x
1862;197;47;70;Cymru1862;x
1863;173;36;58;Cymru1863;x
1864;153;21;47;Cymru1864;x
1865;163;36;55;Cymru1865;x
1866;167;22;52;Cymru1866;x
1867;175;34;48;Cymru1867;x
1868;160;24;38;Cymru1868;x
1869;205;201;224;Glawal;x
1870;199;195;219;Dunmarcen;x
1871;191;188;217;Aussay;x
1872;207;206;224;Glazmarcen;x
1873;169;170;201;Geritelzenn;x
1874;180;182;207;Luzay;x
1875;188;188;206;Saloved;x
1876;196;194;214;Hatrezen;x
1877;202;202;221;Attemarcen;x
1878;209;208;228;Attezen;x
1879;178;190;205;Salapen;x
1880;134;190;207;Cymru1880;x
1881;137;186;203;Bødurenn;x
1882;149;194;212;Brosken;x
1883;137;184;198;Nournay;x
1884;158;205;215;Gazluuren;x
1885;176;213;224;Breznay;x
1886;152;198;201;Gyzen;x
1887;146;189;198;Bro Maren;x
1888;201;224;231;Kelluur;x
1889;191;213;224;Raoed;x
1890;184;203;217;Kaoned;x
1891;153;166;190;Havayen;x
1892;152;170;194;Dumarcen;x
1893;164;183;200;Kadloned;x
1894;178;208;217;Gwennen;x
1895;195;219;228;Traoglaz;x
1896;187;212;221;Glenglaz;x
1897;167;203;208;Galzen;x
1898;159;193;203;Glaznezen;x
1899;129;174;187;Lothren;x
1900;146;183;194;Bro sapren;x
1901;178;211;218;Lortaven;x
1902;167;195;204;Dalzen;x
1903;158;191;198;Brenza;x
1904;196;215;225;Monzedor;x
1905;183;207;216;Bro Miklagen;x
1906;170;199;208;Traonezay;x
1907;155;178;193;Nannes;x
1908;164;186;204;Menezay;x
1909;194;227;222;Meneznen;x
1910;182;221;212;Gaelmarcen;x
1911;176;217;206;Krassnozen;x
1912;157;209;192;Traounidu;x
1913;150;204;191;Bro Maen;x
1914;139;191;190;Koltay;x
1915;146;196;187;Lerzen;x
1916;132;177;155;Falkheim;x
1917;133;190;148;Konkord;x
1918;153;147;198;Trougenna;x
1919;144;135;191;Fortuna;x
1920;125;114;169;Cymru1920;x
1921;114;104;165;Cymru1921;x
1922;121;104;160;Cymru1922;x
1923;115;96;157;Cymru1923;x
1924;119;104;164;Menerna;x
1925;129;121;176;Occulere;x
1926;129;112;166;Valena;x
1927;191;150;28;Cymru1927;x
1928;194;170;34;Cymru1928;x
1929;188;200;26;Cymru1929;x
1930;204;209;37;Cymru1930;x
1931;182;186;19;Cymru1931;x
1932;185;137;30;Cymru1932;x
1933;243;243;86;Cymru1933;x
1934;234;234;51;Cymru1934;x
1935;241;241;69;Cymru1935;x
1936;209;209;42;Cymru1936;x
1937;212;187;36;Cymru1937;x
1938;214;160;56;Cymru1938;x
1939;209;144;46;Cymru1939;x
1940;234;138;18;Cymru1940;x
1941;226;126;25;Cymru1941;x
1942;216;127;16;Cymru1942;x
1943;245;158;27;Cymru1943;x
1944;213;156;47;Cymru1944;x
1945;226;174;46;Cymru1945;x
1946;226;164;46;Cymru1946;x
1947;218;120;39;Cymru1947;x
1948;207;93;31;Cymru1948;x
1949;221;108;32;Cymru1949;x
1950;204;94;21;Cymru1950;x
1951;255;190;90;Cymru1951;x
1952;253;177;62;Cymru1952;x
1953;231;146;37;Cymru1953;x
1954;215;135;18;Cymru1954;x
1955;223;144;41;Cymru1955;x
1956;236;160;56;Cymru1956;x
1957;232;179;41;Cymru1957;x
1958;227;160;32;Cymru1958;x
1959;217;152;27;Cymru1959;x
1960;249;166;40;Cymru1960;x
1961;189;127;37;Cymru1961;x
1962;195;138;24;Cymru1962;x
1963;196;131;31;Cymru1963;x
1964;185;117;17;Cymru1964;x
1965;204;113;21;Cymru1965;x
1966;211;128;25;Cymru1966;x
1967;210;147;33;Cymru1967;x
1968;198;80;15;Cymru1968;x
1969;210;110;26;Cymru1969;x
1970;203;60;25;Cymru1970;x
1971;208;142;24;Cymru1971;x
1972;210;72;26;Cymru1972;x
1973;221;85;40;Cymru1973;x
1974;226;91;47;Cymru1974;x
1975;215;96;32;Cymru1975;x
1976;213;146;25;Cymru1976;x
1977;218;169;27;Cymru1977;x
1978;221;154;33;Cymru1978;x
1979;231;162;36;Cymru1979;x
1980;210;139;35;Cymru1980;x
1981;201;124;32;Cymru1981;x
1982;206;137;36;Cymru1982;x
1983;212;117;25;Cymru1983;x
1984;195;104;16;Cymru1984;x
1985;205;103;20;Cymru1985;x
1986;196;137;23;Cymru1986;x
1987;187;119;14;Cymru1987;x
1988;187;127;14;Cymru1988;x
1989;183;107;14;Cymru1989;x
1990;201;110;34;Cymru1990;x
1991;201;93;34;Cymru1991;x
1992;195;71;30;Cymru1992;x
1993;199;87;39;Cymru1993;x
1994;187;81;24;Cymru1994;x
1995;188;120;16;Cymru1995;x
1996;198;136;17;Cymru1996;x
1997;207;142;17;Cymru1997;x
1998;184;127;19;Cymru1998;x
1999;188;92;27;Cymru1999;x
2000;194;136;24;Cymru2000;x
2001;208;142;17;Cymru2001;x
2002;225;168;59;Cymru2002;x
2003;42;115;157;CymruLake2003;x
2004;42;95;157;CymruLake2004;x
2005;28;71;142;CymruLake2005;x
2006;36;82;147;CymruLake2006;x
2007;36;52;147;CymruLake2007;x
2008;36;67;147;CymruLake2008;x
2009;57;53;147;CymruLake2009;x
2010;46;43;147;CymruLake2010;x
2011;36;48;147;CymruLake2011;x
2012;36;70;147;CymruLake2012;x
2013;36;85;147;CymruLake2013;x
2014;128;158;140;CymruWasteland2014;x
2015;137;152;144;CymruWasteland2015;x
2016;126;135;131;CymruWasteland2016;x
2017;135;142;138;CymruWasteland2017;x
2018;121;141;131;CymruWasteland2018;x
2019;121;142;131;CymruWasteland2019;x
2020;140;151;145;CymruWasteland2020;x
2021;150;164;156;CymruWasteland2021;x
2022;153;158;156;CymruWasteland2022;x
2023;156;167;161;CymruWasteland2023;x
2024;166;170;168;CymruWasteland2024;x
2025;181;186;183;CymruWasteland2025;x
2026;163;177;169;CymruWasteland2026;x
2027;215;232;219;CymruWasteland2027;x
2028;168;175;171;CymruWasteland2028;x
2029;156;166;160;CymruWasteland2029;x
2030;149;163;155;CymruWasteland2030;x
2031;171;182;176;CymruWasteland2031;x
2032;174;182;177;CymruWasteland2032;x
2033;157;158;158;CymruWasteland2033;x
2034;149;167;155;CymruWasteland2034;x
2035;141;162;151;CymruWasteland2035;x
2036;173;182;176;CymruWasteland2036;x
2037;173;187;179;CymruWasteland2037;x
2038;147;161;153;CymruWasteland2038;x
2039;160;173;166;CymruWasteland2039;x
2040;194;219;200;CymruWasteland2040;x
2041;138;144;140;CymruWasteland2041;x
2042;179;184;181;CymruWasteland2042;x
2043;182;192;187;CymruWasteland2043;x
2044;162;171;166;CymruWasteland2044;x
2045;156;162;159;CymruWasteland2045;x
2046;5;23;71;SouthernSea2046;x
2047;191;121;13;Cymru2047;x
2048;45;23;118;Cymru2048;x
2049;211;126;126;Sparwood2049;x
2050;211;78;78;Sparwood2050;x
2051;178;42;42;Sparwood2051;x
2052;130;63;63;Sparwood2052;x
2053;26;216;216;Tlahatl;x
2054;40;216;216;Dratepetl;x
2055;27;204;220;Tonatiuh;x
2056;24;204;204;Tepetl;x
2057;49;105;216;Ekrepetl;x
2058;46;99;204;Lampetlan;x
2059;41;86;178;Micuar;x
2060;43;93;191;Vontl;x
2061;52;111;229;Axialtep;x
2062;24;14;102;Makreiá;x
2063;27;16;114;Katalios;x
2064;33;19;140;Tearmisa;x
2065;36;21;153;Aequalis;x
2066;89;33;24;Yama-Inari;x
2067;76;29;20;Isakar;x
2068;102;38;27;Moitulapun;x
2069;63;24;17;Drinoumi;x
2070;115;130;140;Ocotlan Heights;x
2071;120;130;145;Soton Peaks;x
2072;166;178;39;Kro'vos;x
2073;143;153;33;Deadfields;x
2074;154;165;36;Ummarnu2074;x
2075;168;147;55;Rhagepetl;x
2076;153;134;50;Osiatlan;x
2077;178;156;58;Maratzan;x
2078;191;167;63;Aroxizaun;x
2079;204;178;67;Falitzan;x
2080;215;178;67;Karandor;x
2081;127;95;76;Lakhamaun;x
2082;140;104;84;Haitlan;x
2083;114;85;68;Okachatl;x
2084;153;114;91;Var'nir;x
2085;21;21;63;Kayia;x
2086;16;16;51;Mianna-Valentia;x
2087;25;25;76;Ummarnu2087;x
2088;28;28;86;Ummarnu2088;x
2089;33;33;102;Borktress;x
2090;191;154;68;Viatorne;x
2091;216;175;78;Vaang'an;x
2092;178;142;64;Knight's Landing;x
2093;229;185;82;Saint-Palorin;x
2094;204;162;73;Paaler'mûn;x
2095;165;94;106;Varkasewa;x
2096;168;94;106;?;x
2097;153;87;98;Faalnapetl;x
2098;140;79;89;Xaeso;x
2099;178;101;114;Kitekatlan;x
2100;99;89;76;Akthenir;x
2101;84;75;64;Qeromara;x
2102;140;126;106;Ummarnu2102;x
2103;114;103;87;Xalipetl;x
2104;127;114;96;Magijata;x
2105;92;75;60;The Iris;x
2106;191;229;87;Tizoqatlan;x
2107;178;216;80;Pikutl;x
2108;167;204;75;Karakepetl;x
2109;146;178;66;Xalgon;x
2110;157;191;70;Aaelkan;x
2111;102;32;32;Kalûrekad;x
2112;89;28;28;Arsyyatar;x
2113;73;23;23;Tahlene;x
2114;114;36;36;Baratepetl;x
2115;127;40;40;Elembar;x
2116;140;44;44;Saviztl;x
2117;65;153;27;Ummarnu2117;x
2118;59;140;25;Ummarnu2118;x
2119;70;165;29;Ummarnu2119;x
2120;76;178;32;Ummarnu2120;x
2121;54;127;22;Ummarnu2121;x
2122;191;114;63;Ummarnu2122;x
2123;165;98;53;Ummarnu2123;x
2124;150;89;49;Ummarnu2124;x
2125;178;106;58;Ummarnu2125;x
2126;242;200;65;Ummarnu2126;x
2127;229;190;61;Ummarnu2127;x
2128;255;208;68;Ummarnu2128;x
2129;214;177;57;Ummarnu2129;x
2130;201;164;54;Ummarnu2130;x
2131;229;91;0;Ummarnu2131;x
2132;242;96;0;Ummarnu2132;x
2133;255;106;0;Ummarnu2133;x
2134;188;66;0;Ummarnu2134;x
2135;214;82;0;Ummarnu2135;x
2136;201;73;0;Ummarnu2136;x
2137;153;94;0;Ummarnu2137;x
2138;165;102;0;Ummarnu2138;x
2139;178;110;0;Ummarnu2139;x
2140;140;86;0;Ummarnu2140;x
2141;133;94;178;Ummarnu2141;x
2142;115;79;153;Ummarnu2142;x
2143;124;86;165;Ummarnu2143;x
2144;141;101;191;Ummarnu2144;x
2145;191;42;42;Ummarnu2145;x
2146;178;39;39;Ummarnu2146;x
2147;165;36;36;Ummarnu2147;x
2148;216;47;47;Ummarnu2148;x
2149;177;99;191;Ummarnu2149;x
2150;189;106;204;Ummarnu2150;x
2151;150;84;163;Ummarnu2151;x
2152;53;59;140;Ummarnu2152;x
2153;58;66;153;Ummarnu2153;x
2154;48;53;127;Ummarnu2154;x
2155;43;48;114;Ummarnu2155;x
2156;51;51;52;Ummarnu2156;x
2157;89;89;90;Ummarnu2157;x
2158;76;76;77;Ummarnu2158;x
2159;63;63;64;Ummarnu2159;x
2160;102;102;103;Ummarnu2160;x
2161;255;216;0;Ummarnu2161;x
2162;242;201;0;Ummarnu2162;x
2163;229;191;0;Ummarnu2163;x
2164;216;180;0;Ummarnu2164;x
2165;225;186;0;Ummarnu2165;x
2166;100;124;37;Ummarnu2166;x
2167;112;140;42;Ummarnu2167;x
2168;122;153;45;Ummarnu2168;x
2169;118;147;44;Ummarnu2169;x
2170;132;165;49;Ummarnu2170;x
2171;140;170;50;Ummarnu2171;x
2172;239;119;119;Ummarnu2172;x
2173;255;127;127;Ummarnu2173;x
2174;211;105;105;Ummarnu2174;x
2175;196;98;98;Ummarnu2175;x
2176;226;113;113;Ummarnu2176;x
2177;28;78;114;Ummarnu2177;x
2178;31;87;127;Ummarnu2178;x
2179;20;72;104;Ummarnu2179;x
2180;38;105;156;Ummarnu2180;x
2181;35;96;140;Ummarnu2181;x
2182;41;113;169;Ummarnu2182;x
2183;44;122;181;Ummarnu2183;x
2184;46;112;82;Ummarnu2184;x
2185;56;140;102;Ummarnu2185;x
2186;51;127;93;Ummarnu2186;x
2187;61;153;111;Ummarnu2187;x
2188;66;165;120;Ummarnu2188;x
2189;71;81;86;Ummarnu2189;x
2190;61;69;73;Ummarnu2190;x
2191;65;69;73;Ummarnu2191;x
2192;63;69;73;Ummarnu2192;x
2193;62;71;73;Ummarnu2193;x
2194;52;59;63;Ummarnu2194;x
2195;54;59;63;Ummarnu2195;x
2196;56;59;63;Ummarnu2196;x
2197;135;152;163;Ummarnu2197;x
2198;137;152;163;Ummarnu2198;x
2199;139;152;163;Ummarnu2199;x
2200;152;171;183;Ummarnu2200;x
2201;154;171;183;Ummarnu2201;x
2202;156;171;183;Ummarnu2202;x
2203;158;171;183;Ummarnu2203;x
2204;167;187;201;Ummarnu2204;x
2205;182;204;219;Ummarnu2205;x
2206;84;95;102;Adaenic Sandsea;x
2207;122;137;147;Alaari Sandsea;x
2208;93;104;112;Talawan Sandsea;x
2209;103;116;124;Quagero Desert;x
2210;114;128;137;Talawan Shield;x
2211;22;16;54;Ummarnu2211;x
2212;22;20;54;Ummarnu2212;x
2213;42;216;216;Teinapetl;x
2214;53;105;216;Itzhuatl;x
2215;56;121;212;Fernheim;x
2216;50;100;210;Xontl;x
2217;41;96;178;Karhatlar;x
2218;56;112;229;Xivalan Pass;x
2219;58;112;229;Kastacoatl;x
2220;84;35;26;Miztlaoch;x
2221;146;108;80;Rhekatl;x
2222;149;108;80;Apyatar;x
2223;152;108;70;Larnatzin;x
2224;120;95;80;Quia'jal;x
2225;133;95;80;Quetnom;x
2226;147;110;92;Xalatlali;x
2227;142;114;91;Iamar'an;x
2228;28;28;70;Vernan;x
2229;30;30;100;Ummarnu2229;x
2230;170;180;40;Xalotcin;x
2231;180;180;40;Farafin;x
2232;175;183;40;Kharahai;x
2233;175;186;40;Sýthe'ris;x
2234;149;153;33;Ummarkal;x
2235;157;134;50;Nahiatzin;x
2236;171;149;55;Mazacla;x
2237;181;160;58;Amatlali;x
2238;209;178;67;Elkantzin;x
2239;184;146;66;Sahraporte;x
2240;215;185;82;Nuratvir;x
2241;220;180;82;Eliya'nûr;x
2242;192;146;70;Qrometh;x
2243;168;91;109;Huecoatl;x
2244;172;84;114;Awallam;x
2245;184;104;114;Rhimatl;x
2246;65;155;122;Dýtakunir;x
2247;170;90;111;Dimanatl;x
2248;157;87;97;Huexotl;x
2249;81;75;62;Quagepetl;x
2250;112;102;86;Ummarnu2250;x
2251;137;122;104;Ummarnu2251;x
2252;137;125;104;Ummarnu2252;x
2253;124;113;94;Qirima;x
2254;137;78;85;Menapetl;x
2255;137;78;78;Garatlan;x
2256;137;78;93;Ummarnu2256;x
2257;137;78;98;Larzutlin;x
2258;175;126;0;Qaru;x
2259;180;226;86;Ningutzin;x
2260;203;226;86;Zuma;x
2261;159;204;75;Tlalon;x
2262;144;204;75;Lirambar;x
2263;102;41;32;Alayamoor;x
2264;86;31;27;Lenege;x
2265;71;26;22;Kharakesebaatar;x
2266;102;37;32;Sarseyan;x
2267;86;32;27;Naharleyan;x
2268;137;175;66;Qewapetl;x
2269;137;126;104;Tlaar;x
2270;128;128;128;Mahatlan;x
2271;102;38;32;Azanebar;x
4977;51;51;51;Akratia;x
4978;63;63;63;Frozen Wastes;x
4979;102;102;102;Wandering Deserts;x
4980;105;105;106;Plagos;x
4981;89;89;89;Skjoldrbróðir;x
4982;12;12;12;Sýltör;x
4983;137;137;137;Ummarnu;x
4984;25;25;25;Haven;x
4985;38;38;38;Sørligste;x
4986;76;76;76;Valdreach;x
4987;127;127;127;Southern Akan'nash;x
4988;114;114;114;Northern Akan'nash;x
4989;7;7;140;Far Endless Sea;x
4990;8;8;178;Endless Sea;x
4991;1;1;38;Domeri Sea;x
4992;1;1;25;Gulf of Heaven;x
4993;2;2;51;Barbaric Sea;x
4994;3;3;63;Heart of Haven;x
4995;3;3;76;Jehkesunn;x
4996;4;4;89;Nekkic Sea;x
4997;5;5;102;Svalden Sea;x
4998;5;5;114;Osterium Sea;x
4999;6;6;127;Shattered Sea;x
